predicted,word,mean,count
negative,sad,1.0,4
negative,worst,1.0,4
negative,sucks,0.9536000000000001,6
negative,stupid,0.892975,4
negative,cant,0.805,5
negative,wtf,0.8048333333333333,3
negative,won't,0.790325,4
negative,why,0.7835666666666666,6
negative,fucking,0.7662999999999999,3
negative,fail,0.72595,6
negative,suck,0.72344,5
negative,hate,0.7166111111111111,18
negative,shit,0.7135666666666666,6
negative,down,0.6980428571428572,7
negative,stop,0.6979666666666667,3
negative,itchy,0.67355,4
negative,never,0.554075,4
negative,ugh,0.5251666666666667,3
negative,didn't,0.4965333333333333,3
negative,not,0.4949923076923077,13
neutral,post,0.8471,4
neutral,playing,0.7774333333333333,3
neutral,san,0.715,5
neutral,safeway,0.6728461538461539,13
neutral,book,0.6639333333333334,3
neutral,then,0.6581333333333333,3
neutral,bill,0.6558666666666667,3
neutral,rt,0.61965,8
neutral,twitter,0.6126888888888888,9
neutral,api,0.6109,6
neutral,att,0.5909333333333334,3
neutral,css,0.5690666666666667,3
neutral,google,0.55762,5
neutral,new,0.5549444444444445,9
neutral,three,0.54035,4
neutral,tonight,0.5243666666666666,3
neutral,ca,0.5021666666666667,3
neutral,you,0.49025714285714284,7
neutral,francisco,0.48339999999999994,5
neutral,museum,0.4792166666666667,6
positive,amazing,1.0,5
positive,can't,1.0,3
positive,fun,1.0,4
positive,rock,0.9948,3
positive,yay,0.9620333333333333,3
positive,excited,0.9363333333333334,3
positive,awesome,0.9228384615384615,13
positive,loving,0.9097,4
positive,d,0.8881666666666667,6
positive,great,0.8698357142857143,14
positive,good,0.8565826086956522,23
positive,enjoy,0.8182,3
positive,best,0.7718454545454545,11
positive,really,0.7588571428571428,7
positive,cool,0.755525,4
positive,thank,0.7403333333333334,3
positive,love,0.7005535714285714,28
positive,happy,0.6032599999999999,5
positive,wait,0.5946750000000001,4
positive,thanks,0.5301,4
